{
  "IcoMoonType": "selection",
  "icons": [
    {
      "icon": {
        "paths": [
          "M864 0c88.364 0 160 71.634 160 160 0 36.020-11.91 69.258-32 96l-64 64-224-224 64-64c26.742-20.090 59.978-32 96-32zM64 736l-64 288 288-64 592-592-224-224-592 592zM715.578 363.578l-448 448-55.156-55.156 448-448 55.156 55.156z"
        ],
        "tags": [
          "pencil",
          "write",
          "edit"
        ],
        "defaultCode": 59653,
        "grid": 16,
        "attrs": []
      },
      "attrs": [],
      "properties": {
        "ligatures": "pencil, write",
        "name": "pencil",
        "order": 8,
        "id": 6,
        "prevSize": 32
      },
      "setIdx": 0,
      "setId": 1,
      "iconIdx": 5
    },
    {
      "icon": {
        "paths": [
          "M1018.17 291.89l-286.058-286.058c-9.334-9.334-21.644-7.234-27.356 4.666l-38.354 79.904 267.198 267.198 79.904-38.354c11.9-5.712 14-18.022 4.666-27.356z",
          "M615.384 135.384l-263.384 21.95c-17.5 2.166-32.080 5.898-37.090 28.752-0.006 0.024-0.012 0.042-0.018 0.066-71.422 343.070-314.892 677.848-314.892 677.848l57.374 57.374 271.986-271.99c-5.996-12.53-9.36-26.564-9.36-41.384 0-53.020 42.98-96 96-96s96 42.98 96 96-42.98 96-96 96c-14.82 0-28.852-3.364-41.384-9.36l-271.988 271.986 57.372 57.374c0 0 334.778-243.47 677.848-314.892 0.024-0.006 0.042-0.012 0.066-0.018 22.854-5.010 26.586-19.59 28.752-37.090l21.95-263.384-273.232-273.232z"
        ],
        "tags": [
          "pen",
          "write",
          "edit"
        ],
        "defaultCode": 59656,
        "grid": 16,
        "attrs": []
      },
      "attrs": [],
      "properties": {
        "ligatures": "pen, write3",
        "name": "pen",
        "order": 7,
        "id": 9,
        "prevSize": 32
      },
      "setIdx": 0,
      "setId": 1,
      "iconIdx": 8
    },
    {
      "icon": {
        "paths": [
          "M128 320v640c0 35.2 28.8 64 64 64h576c35.2 0 64-28.8 64-64v-640h-704zM320 896h-64v-448h64v448zM448 896h-64v-448h64v448zM576 896h-64v-448h64v448zM704 896h-64v-448h64v448z",
          "M848 128h-208v-80c0-26.4-21.6-48-48-48h-224c-26.4 0-48 21.6-48 48v80h-208c-26.4 0-48 21.6-48 48v80h832v-80c0-26.4-21.6-48-48-48zM576 128h-192v-63.198h192v63.198z"
        ],
        "tags": [
          "bin",
          "trashcan",
          "remove",
          "delete",
          "recycle",
          "dispose"
        ],
        "defaultCode": 59820,
        "grid": 16,
        "attrs": []
      },
      "attrs": [],
      "properties": {
        "ligatures": "bin, trashcan",
        "name": "bin",
        "order": 6,
        "id": 173,
        "prevSize": 32
      },
      "setIdx": 0,
      "setId": 1,
      "iconIdx": 172
    },
    {
      "icon": {
        "width": 1408,
        "paths": [
          "M0 192h896v192h-896v-192zM0 448h896v192h-896v-192zM0 704h896v192h-896v-192z",
          "M992 448l192 192 192-192z"
        ],
        "tags": [
          "menu",
          "options",
          "hamburger"
        ],
        "defaultCode": 59839,
        "grid": 16,
        "attrs": []
      },
      "attrs": [],
      "properties": {
        "ligatures": "menu3, options3",
        "name": "menu3",
        "order": 3,
        "id": 192,
        "prevSize": 32
      },
      "setIdx": 0,
      "setId": 1,
      "iconIdx": 191
    },
    {
      "icon": {
        "width": 1408,
        "paths": [
          "M0 192h896v192h-896v-192zM0 448h896v192h-896v-192zM0 704h896v192h-896v-192z",
          "M992 640l192-192 192 192z"
        ],
        "tags": [
          "menu",
          "options",
          "hamburger"
        ],
        "defaultCode": 59840,
        "grid": 16,
        "attrs": []
      },
      "attrs": [],
      "properties": {
        "ligatures": "menu4, options4",
        "name": "menu4",
        "order": 4,
        "id": 193,
        "prevSize": 32
      },
      "setIdx": 0,
      "setId": 1,
      "iconIdx": 192
    },
    {
      "icon": {
        "paths": [
          "M992 384h-352v-352c0-17.672-14.328-32-32-32h-192c-17.672 0-32 14.328-32 32v352h-352c-17.672 0-32 14.328-32 32v192c0 17.672 14.328 32 32 32h352v352c0 17.672 14.328 32 32 32h192c17.672 0 32-14.328 32-32v-352h352c17.672 0 32-14.328 32-32v-192c0-17.672-14.328-32-32-32z"
        ],
        "tags": [
          "plus",
          "add",
          "sum"
        ],
        "defaultCode": 59914,
        "grid": 16,
        "attrs": []
      },
      "attrs": [],
      "properties": {
        "ligatures": "plus, add",
        "name": "plus",
        "order": 2,
        "id": 267,
        "prevSize": 32
      },
      "setIdx": 0,
      "setId": 1,
      "iconIdx": 266
    }
  ],
  "height": 1024,
  "preferences": {
    "showGlyphs": true,
    "showQuickUse": true,
    "showQuickUse2": true,
    "showSVGs": true,
    "fontPref": {
      "prefix": "icon-",
      "metadata": {
        "fontFamily": "icomoon"
      },
      "metrics": {
        "emSize": 1024,
        "baseline": 6.25,
        "whitespace": 50
      },
      "embed": false
    },
    "imagePref": {
      "prefix": "icon-",
      "png": true,
      "useClassSelector": true,
      "color": 0,
      "bgColor": 16777215,
      "classSelector": ".icon",
      "name": "icomoon"
    },
    "historySize": 50,
    "showCodes": true,
    "gridSize": 16
  }
}